{"cameraMode":{"drawMode":0,"name":"Shaded","section":"Shading Mode"},"sceneLighting":true,"audioPlay":false,"sceneViewState":{"m_AlwaysRefresh":false,"showFog":true,"showSkybox":true,"showFlares":true,"showImageEffects":true,"showParticleSystems":true,"showVisualEffectGraphs":true,"m_FxEnabled":true},"in2DMode":false,"pivot":{"x":-34.85690689086914,"y":-195.12100219726563,"z":243.5664520263672},"rotation":{"x":0.34471604228019717,"y":-0.05782286450266838,"z":0.021211406216025354,"w":0.936781644821167},"size":178.78639221191407,"orthographic":false}